filename,width,height,class,xmin,ymin,xmax,ymax
000005.jpg,500,375,chair,263,211,324,339
000005.jpg,500,375,chair,165,264,253,372
000005.jpg,500,375,chair,5,244,67,374
000005.jpg,500,375,chair,241,194,295,299
000005.jpg,500,375,chair,277,186,312,220
000007.jpg,500,333,car,141,50,500,330
000009.jpg,500,375,horse,69,172,270,330
000009.jpg,500,375,person,150,141,229,284
000009.jpg,500,375,person,285,201,327,331
000009.jpg,500,375,person,258,198,297,329
000012.jpg,500,333,car,156,97,351,270
000016.jpg,334,500,bicycle,92,72,305,473
000017.jpg,480,364,person,185,62,279,199
000017.jpg,480,364,horse,90,78,403,336
000019.jpg,500,375,cat,231,88,483,256
000019.jpg,500,375,cat,11,113,266,259
000020.jpg,375,500,car,33,148,371,416
000021.jpg,336,500,dog,1,235,182,388
000021.jpg,336,500,person,210,36,336,482
000021.jpg,336,500,person,46,82,170,365
000021.jpg,336,500,person,11,181,142,419
000023.jpg,334,500,bicycle,9,230,245,500
000023.jpg,334,500,bicycle,230,220,334,500
000023.jpg,334,500,bicycle,2,178,90,500
000023.jpg,334,500,person,2,1,117,369
000023.jpg,334,500,person,3,2,243,462
000023.jpg,334,500,person,225,1,334,486
000024.jpg,500,335,train,196,165,489,247
000026.jpg,500,333,car,90,125,337,212
000030.jpg,500,375,bicycle,36,205,180,289
000030.jpg,500,375,person,51,160,150,292
000030.jpg,500,375,person,295,138,450,290
000032.jpg,500,281,aeroplane,104,78,375,183
000032.jpg,500,281,aeroplane,133,88,197,123
000032.jpg,500,281,person,195,180,213,229
000032.jpg,500,281,person,26,189,44,238
000033.jpg,500,366,aeroplane,9,107,499,263
000033.jpg,500,366,aeroplane,421,200,482,226
000033.jpg,500,366,aeroplane,325,188,411,223
000034.jpg,360,500,train,116,167,360,400
000034.jpg,360,500,train,141,153,333,229
000035.jpg,500,375,person,1,96,191,361
000035.jpg,500,375,person,218,98,465,318
000035.jpg,500,375,person,468,195,500,317
000035.jpg,500,375,diningtable,3,304,500,375
000036.jpg,332,500,dog,27,79,319,344
000039.jpg,500,375,tvmonitor,156,89,344,279
000041.jpg,500,333,tvmonitor,363,47,432,107
000041.jpg,500,333,person,216,92,307,302
000041.jpg,500,333,person,164,148,227,244
000042.jpg,500,335,train,263,32,500,295
000042.jpg,500,335,train,1,36,235,299
000044.jpg,500,333,chair,1,1,370,330
000044.jpg,500,333,cat,99,101,312,213
000046.jpg,332,500,bird,211,234,317,366
000047.jpg,500,333,car,15,1,459,312
000047.jpg,500,333,chair,439,170,487,230
000048.jpg,375,500,bird,58,107,291,465
000048.jpg,375,500,person,2,1,302,500
000050.jpg,500,375,chair,405,153,493,255
000050.jpg,500,375,chair,275,129,312,170
000050.jpg,500,375,bottle,360,192,381,265
000050.jpg,500,375,bottle,399,181,422,235
000050.jpg,500,375,bottle,270,180,291,247
000050.jpg,500,375,bottle,294,176,312,241
000050.jpg,500,375,person,68,96,293,375
000050.jpg,500,375,person,1,71,87,332
000050.jpg,500,375,person,185,68,259,197
000050.jpg,500,375,person,286,64,406,238
000051.jpg,500,375,motorbike,352,138,500,375
000051.jpg,500,375,motorbike,105,1,427,245
000051.jpg,500,375,person,415,61,465,195
000052.jpg,500,333,pottedplant,414,232,458,263
000052.jpg,500,333,pottedplant,291,237,333,270
000052.jpg,500,333,pottedplant,183,238,227,273
000052.jpg,500,333,pottedplant,52,244,99,274
000052.jpg,500,333,pottedplant,62,96,107,132
000052.jpg,500,333,pottedplant,184,94,225,128
000060.jpg,500,334,car,1,137,427,333
000060.jpg,500,334,car,1,62,479,235
000060.jpg,500,334,car,1,27,422,141
000060.jpg,500,334,car,44,7,458,134
000060.jpg,500,334,car,199,6,475,98
000061.jpg,500,333,boat,274,11,437,279
000061.jpg,500,333,boat,184,214,281,252
000063.jpg,500,375,dog,123,115,379,275
000063.jpg,500,375,chair,75,1,428,375
000064.jpg,496,500,bird,1,23,451,500
000065.jpg,500,335,dog,2,104,398,334
000066.jpg,500,375,person,209,187,228,230
000066.jpg,500,375,person,242,182,274,259
000066.jpg,500,375,person,269,188,295,259
000072.jpg,333,500,motorbike,40,71,333,473
000072.jpg,333,500,motorbike,33,42,331,136
000073.jpg,375,500,pottedplant,121,143,375,460
000073.jpg,375,500,pottedplant,2,154,64,459
000073.jpg,375,500,boat,270,155,375,331
000073.jpg,375,500,person,22,143,146,500
000077.jpg,500,333,cat,240,1,500,333
000077.jpg,500,333,cat,2,1,306,333
000078.jpg,500,419,dog,15,75,475,412
000078.jpg,500,419,dog,94,41,437,238
000081.jpg,500,333,sofa,235,158,462,282
000081.jpg,500,333,sofa,8,166,220,322
000081.jpg,500,333,person,198,156,341,231
000081.jpg,500,333,person,349,145,451,266
000081.jpg,500,333,person,61,162,170,333
000081.jpg,500,333,person,29,166,73,213
000081.jpg,500,333,person,298,246,433,333
000081.jpg,500,333,person,196,215,332,330
000081.jpg,500,333,person,270,298,324,333
000083.jpg,500,333,car,109,33,447,309
000083.jpg,500,333,person,380,2,435,135
000083.jpg,500,333,person,138,14,193,115
000083.jpg,500,333,person,1,20,75,204
000083.jpg,500,333,person,60,48,114,156
000083.jpg,500,333,person,32,51,83,162
000089.jpg,500,374,person,20,7,183,355
000089.jpg,500,374,person,98,215,429,374
000089.jpg,500,374,person,332,140,455,366
000089.jpg,500,374,chair,22,51,317,291
000091.jpg,500,375,car,125,241,195,284
000091.jpg,500,375,car,81,248,105,268
000091.jpg,500,375,car,91,250,126,274
000093.jpg,500,339,dog,175,125,344,254
000093.jpg,500,339,chair,53,3,500,338
000095.jpg,500,323,train,20,52,439,285
000095.jpg,500,323,train,1,125,114,234
000099.jpg,500,375,cat,4,77,320,252
000101.jpg,500,333,chair,185,58,348,186
000101.jpg,500,333,person,40,64,400,333
000102.jpg,500,375,sofa,416,175,500,314
000102.jpg,500,375,sofa,121,134,352,274
000104.jpg,500,333,tvmonitor,403,110,500,265
000104.jpg,500,333,person,291,75,442,333
000104.jpg,500,333,person,2,7,283,333
000107.jpg,500,375,sheep,471,174,500,227
000107.jpg,500,375,cow,296,149,334,178
000107.jpg,500,375,sheep,242,146,259,169
000109.jpg,500,254,bird,17,12,482,235
000110.jpg,500,375,person,79,233,110,314
000110.jpg,500,375,person,54,231,86,344
000110.jpg,500,375,person,31,233,50,303
000112.jpg,333,500,dog,70,174,277,328
000112.jpg,333,500,chair,287,162,316,198
000113.jpg,500,332,person,277,101,354,260
000117.jpg,500,333,aeroplane,1,42,498,284
000118.jpg,500,375,cat,164,97,281,375
000120.jpg,500,400,dog,66,121,440,276
000121.jpg,500,375,tvmonitor,251,28,475,267
000121.jpg,500,375,tvmonitor,22,28,251,273
000122.jpg,475,480,cat,36,20,430,474
000123.jpg,500,375,train,1,26,358,340
000125.jpg,500,375,bicycle,425,218,500,275
000125.jpg,500,375,person,436,188,467,223
000125.jpg,500,375,person,382,209,415,272
000125.jpg,500,375,person,353,213,383,276
000129.jpg,334,500,bicycle,70,202,255,500
000129.jpg,334,500,bicycle,251,242,334,500
000129.jpg,334,500,bicycle,1,144,67,436
000129.jpg,334,500,person,1,1,66,363
000129.jpg,334,500,person,74,1,272,462
000129.jpg,334,500,person,252,19,334,487
000130.jpg,500,375,boat,4,1,500,249
000131.jpg,500,333,car,1,99,475,266
000131.jpg,500,333,person,124,125,172,153
000131.jpg,500,333,person,184,121,226,154
000132.jpg,500,421,bus,43,66,279,363
000133.jpg,447,500,person,73,18,406,500
000133.jpg,447,500,horse,135,227,338,500
000133.jpg,447,500,person,22,1,75,101
000133.jpg,447,500,horse,42,58,137,104
000134.jpg,500,371,car,1,115,487,330
000138.jpg,500,332,person,6,56,154,285
000138.jpg,500,332,person,145,58,283,258
000138.jpg,500,332,person,224,54,440,332
000138.jpg,500,332,person,363,96,500,332
000140.jpg,500,401,dog,107,146,386,300
000140.jpg,500,401,sofa,2,113,500,401
000141.jpg,500,423,bird,25,53,418,399
000142.jpg,500,375,car,26,81,465,266
000143.jpg,500,333,cat,170,46,500,333
000146.jpg,374,500,person,155,208,252,408
000147.jpg,500,333,chair,33,105,65,146
000147.jpg,500,333,chair,77,114,114,149
000147.jpg,500,333,chair,146,125,175,150
000147.jpg,500,333,chair,227,132,247,154
000147.jpg,500,333,chair,302,127,327,153
000147.jpg,500,333,chair,373,121,402,153
000147.jpg,500,333,chair,435,112,465,149
000150.jpg,500,333,horse,186,78,319,264
000150.jpg,500,333,person,353,54,379,108
000150.jpg,500,333,person,415,51,436,109
000150.jpg,500,333,person,476,54,492,98
000150.jpg,500,333,person,489,51,500,100
000153.jpg,500,375,car,237,147,358,191
000153.jpg,500,375,car,138,56,166,70
000153.jpg,500,375,car,47,114,118,125
000153.jpg,500,375,car,3,109,64,122
000154.jpg,500,333,boat,59,76,367,266
000154.jpg,500,333,boat,441,193,458,213
000156.jpg,500,375,sofa,41,73,381,352
000156.jpg,500,375,car,432,103,496,144
000156.jpg,500,375,car,404,114,435,143
000158.jpg,500,375,bird,196,83,267,207
000159.jpg,500,333,person,234,48,286,124
000159.jpg,500,333,car,1,16,498,333
000161.jpg,500,390,car,104,34,446,390
000161.jpg,500,390,car,68,195,121,288
000162.jpg,500,375,tvmonitor,306,227,380,299
000162.jpg,500,375,person,196,143,309,369
000163.jpg,500,432,person,52,22,308,328
000163.jpg,500,432,motorbike,26,108,456,396
000164.jpg,500,375,motorbike,114,154,369,348
000164.jpg,500,375,person,292,49,446,370
000165.jpg,500,386,person,89,54,500,386
000169.jpg,500,333,car,23,28,480,284
000169.jpg,500,333,person,102,3,161,50
000169.jpg,500,333,car,439,23,500,178
000169.jpg,500,333,person,419,39,444,81
000169.jpg,500,333,person,454,36,487,71
000169.jpg,500,333,car,12,46,104,132
000170.jpg,500,375,bottle,87,100,109,165
000170.jpg,500,375,bottle,41,114,73,181
000170.jpg,500,375,bottle,324,148,352,206
000170.jpg,500,375,bottle,426,157,443,195
000170.jpg,500,375,person,3,91,43,206
000170.jpg,500,375,person,4,28,461,372
000171.jpg,375,500,dog,1,290,128,407
000171.jpg,375,500,person,94,21,375,491
000173.jpg,394,480,person,106,64,270,297
000173.jpg,394,480,horse,109,64,288,464
000174.jpg,500,333,person,143,5,426,333
000177.jpg,500,375,diningtable,59,152,461,375
000177.jpg,500,375,person,344,150,500,375
000177.jpg,500,375,person,321,85,456,362
000177.jpg,500,375,person,304,92,391,209
000177.jpg,500,375,person,280,88,337,172
000177.jpg,500,375,person,163,67,261,163
000177.jpg,500,375,person,125,94,164,166
000177.jpg,500,375,person,75,87,158,231
000177.jpg,500,375,person,1,112,97,375
000180.jpg,500,375,car,14,110,496,356
000184.jpg,500,375,boat,289,106,338,192
000184.jpg,500,375,boat,375,144,403,188
000184.jpg,500,375,boat,458,154,480,190
000184.jpg,500,375,boat,2,1,312,375
000187.jpg,500,375,tvmonitor,1,95,240,336
000189.jpg,500,375,bird,65,39,459,346
000190.jpg,500,375,bus,426,197,500,273
000190.jpg,500,375,bus,235,216,323,258
000190.jpg,500,375,bus,141,212,169,276
000190.jpg,500,375,bus,51,210,152,308
000190.jpg,500,375,bus,1,209,55,313
000190.jpg,500,375,person,314,241,325,269
000190.jpg,500,375,person,278,242,284,268
000190.jpg,500,375,person,273,245,278,257
000190.jpg,500,375,person,256,242,265,270
000190.jpg,500,375,person,247,244,256,268
000190.jpg,500,375,person,206,245,214,270
000190.jpg,500,375,person,187,243,196,277
000190.jpg,500,375,person,178,245,185,273
000192.jpg,500,375,person,116,64,356,375
000192.jpg,500,375,chair,2,212,49,375
000193.jpg,500,375,person,80,4,500,375
000193.jpg,500,375,person,1,29,227,375
000193.jpg,500,375,sofa,2,125,500,375
000194.jpg,320,224,horse,86,36,239,224
000194.jpg,320,224,person,115,19,203,136
000194.jpg,320,224,person,279,77,298,132
000198.jpg,500,335,train,160,134,286,239
000200.jpg,500,249,person,28,19,103,167
000200.jpg,500,249,person,16,54,178,249
000200.jpg,500,249,person,147,23,245,249
000200.jpg,500,249,person,227,19,400,249
000200.jpg,500,249,person,391,13,500,249
000200.jpg,500,249,bottle,364,212,389,249
000200.jpg,500,249,bottle,231,145,260,210
000203.jpg,500,333,chair,52,166,167,332
000207.jpg,334,500,bus,1,205,113,320
000208.jpg,500,375,diningtable,1,128,166,261
000208.jpg,500,375,chair,330,223,500,375
000208.jpg,500,375,chair,117,114,180,219
000208.jpg,500,375,chair,59,122,131,255
000208.jpg,500,375,chair,1,184,33,245
000208.jpg,500,375,sofa,203,151,436,308
000209.jpg,500,375,cat,14,76,400,375
000210.jpg,500,374,car,377,211,404,225
000210.jpg,500,374,person,443,211,468,235
000210.jpg,500,374,person,323,214,335,226
000210.jpg,500,374,person,15,214,37,240
000211.jpg,500,375,cow,48,262,244,349
000214.jpg,500,375,horse,205,1,500,375
000215.jpg,500,468,cat,144,81,338,411
000218.jpg,500,333,dog,253,64,383,255
000218.jpg,500,333,chair,107,1,202,174
000218.jpg,500,333,person,1,1,253,222
000219.jpg,333,500,motorbike,120,333,310,464
000220.jpg,500,375,car,40,127,464,292
000220.jpg,500,375,car,427,114,500,167
000220.jpg,500,375,person,265,147,312,187
000221.jpg,500,332,car,72,77,432,253
000222.jpg,500,375,diningtable,178,216,303,326
000222.jpg,500,375,person,250,237,362,375
000222.jpg,500,375,person,114,236,227,375
000222.jpg,500,375,bottle,221,223,235,266
000222.jpg,500,375,bottle,234,213,245,256
000222.jpg,500,375,person,341,149,376,216
000222.jpg,500,375,person,158,191,185,221
000222.jpg,500,375,person,159,177,206,230
000222.jpg,500,375,person,252,178,311,228
000222.jpg,500,375,person,291,193,332,241
000222.jpg,500,375,person,318,209,373,330
000222.jpg,500,375,person,100,206,170,342
000222.jpg,500,375,person,444,283,500,375
000222.jpg,500,375,chair,366,243,394,375
000222.jpg,500,375,chair,367,217,390,269
000224.jpg,500,375,tvmonitor,36,159,220,337
000224.jpg,500,375,bottle,401,245,500,375
000225.jpg,500,333,sheep,125,96,355,263
000225.jpg,500,333,sheep,2,22,47,81
000228.jpg,500,333,aeroplane,92,82,314,228
000229.jpg,500,375,diningtable,95,209,421,375
000229.jpg,500,375,person,399,219,486,371
000229.jpg,500,375,person,341,161,432,298
000229.jpg,500,375,person,384,135,437,203
000229.jpg,500,375,person,239,131,337,211
000229.jpg,500,375,person,148,144,211,255
000229.jpg,500,375,person,81,160,197,327
000229.jpg,500,375,person,2,188,107,375
000229.jpg,500,375,bottle,354,301,382,370
000229.jpg,500,375,bottle,39,124,54,161
000229.jpg,500,375,chair,461,189,500,282
000232.jpg,500,375,cow,47,92,376,334
000232.jpg,500,375,person,230,32,252,93
000232.jpg,500,375,boat,404,71,500,119
000232.jpg,500,375,boat,1,49,88,92
000232.jpg,500,375,boat,55,68,126,90
000233.jpg,500,375,sheep,277,106,483,267
000233.jpg,500,375,car,1,2,451,193
000235.jpg,500,375,chair,243,255,316,375
000235.jpg,500,375,chair,136,326,271,375
000235.jpg,500,375,chair,1,291,97,374
000235.jpg,500,375,chair,402,245,455,316
000235.jpg,500,375,diningtable,40,266,277,375
000235.jpg,500,375,sofa,415,192,457,254
000235.jpg,500,375,pottedplant,185,167,201,236
000236.jpg,500,381,bird,88,169,275,314
000241.jpg,500,375,boat,356,183,500,280
000241.jpg,500,375,boat,60,109,142,213
000241.jpg,500,375,boat,246,134,348,217
000242.jpg,500,333,cat,3,3,499,287
000244.jpg,500,333,sheep,116,202,157,230
000245.jpg,500,375,car,18,131,488,292
000245.jpg,500,375,person,303,139,329,171
000246.jpg,500,375,dog,60,44,331,310
000249.jpg,500,333,chair,67,188,183,330
000249.jpg,500,333,chair,108,174,160,205
000249.jpg,500,333,chair,156,169,202,195
000249.jpg,500,333,chair,173,184,274,326
000249.jpg,500,333,chair,268,182,316,307
000249.jpg,500,333,chair,269,160,314,186
000249.jpg,500,333,chair,307,119,376,228
000249.jpg,500,333,diningtable,102,177,324,302
000250.jpg,500,375,diningtable,1,170,474,375
000250.jpg,500,375,bottle,97,124,150,297
000251.jpg,453,500,car,1,474,149,500
000251.jpg,453,500,car,2,450,83,475
000251.jpg,453,500,car,96,435,275,500
000251.jpg,453,500,car,362,440,453,500
000251.jpg,453,500,person,52,429,70,469
000251.jpg,453,500,person,13,421,29,450
000251.jpg,453,500,person,21,429,39,461
000256.jpg,500,343,aeroplane,8,96,491,232
000257.jpg,500,375,tvmonitor,82,1,183,57
000257.jpg,500,375,person,20,142,222,375
000257.jpg,500,375,person,175,68,472,375
000259.jpg,500,362,person,171,1,499,361
000259.jpg,500,362,person,3,1,271,264
000262.jpg,500,196,car,343,96,500,196
000263.jpg,375,500,car,19,224,355,323
000263.jpg,375,500,car,1,355,69,499
000266.jpg,375,500,dog,98,19,374,500
000266.jpg,375,500,sofa,1,1,375,500
000268.jpg,500,333,aeroplane,180,103,436,281
000268.jpg,500,333,aeroplane,1,58,262,333
000269.jpg,500,332,bottle,185,264,205,320
000269.jpg,500,332,bottle,298,245,326,312
000269.jpg,500,332,bottle,240,1,261,26
000269.jpg,500,332,bottle,157,1,174,27
000269.jpg,500,332,bottle,139,1,155,28
000269.jpg,500,332,person,227,56,497,213
000269.jpg,500,332,person,91,59,245,261
000269.jpg,500,332,person,37,134,203,332
000269.jpg,500,332,person,226,75,413,274
000269.jpg,500,332,person,258,114,477,332
000270.jpg,500,323,train,150,120,443,183
000275.jpg,476,480,person,204,50,339,301
000275.jpg,476,480,horse,57,109,418,433
000276.jpg,375,500,person,129,163,230,319
000276.jpg,375,500,person,162,373,260,500
000276.jpg,375,500,person,32,373,140,500
000278.jpg,500,375,dog,294,156,500,375
000278.jpg,500,375,person,111,89,417,375
000282.jpg,500,374,chair,335,263,484,373
000282.jpg,500,374,person,327,104,476,300
000282.jpg,500,374,person,232,57,357,374
000282.jpg,500,374,person,3,32,199,374
000282.jpg,500,374,person,58,139,296,374
000285.jpg,500,375,person,224,77,462,375
000285.jpg,500,375,person,37,97,231,375
000285.jpg,500,375,chair,369,203,437,375
000285.jpg,500,375,chair,120,220,229,375
000288.jpg,500,333,person,485,174,500,280
000288.jpg,500,333,person,443,163,479,283
000288.jpg,500,333,person,419,153,439,240
000288.jpg,500,333,person,440,156,450,230
000288.jpg,500,333,person,412,163,430,248
000288.jpg,500,333,person,407,194,422,251
000288.jpg,500,333,person,373,157,401,266
000288.jpg,500,333,person,330,169,380,252
000288.jpg,500,333,person,1,153,20,305
000288.jpg,500,333,person,1,110,33,244
000288.jpg,500,333,car,30,142,77,205
000288.jpg,500,333,bus,67,21,382,278
000289.jpg,500,333,car,49,99,337,231
000294.jpg,500,375,bird,330,11,454,368
000294.jpg,500,375,bird,55,93,167,371
000296.jpg,500,348,car,427,125,500,181
000296.jpg,500,348,boat,44,120,459,222
000298.jpg,500,388,person,180,32,339,359
000302.jpg,500,375,car,488,276,500,320
000302.jpg,500,375,car,475,251,486,273
000302.jpg,500,375,car,279,225,478,340
000302.jpg,500,375,car,245,230,316,280
000302.jpg,500,375,car,1,241,87,375
000302.jpg,500,375,person,133,244,184,367
000302.jpg,500,375,motorbike,121,273,213,367
000303.jpg,500,377,car,15,39,500,280
000303.jpg,500,377,car,465,71,500,165
000303.jpg,500,377,car,445,68,500,93
000303.jpg,500,377,car,1,63,93,113
000303.jpg,500,377,car,2,81,85,131
000303.jpg,500,377,car,1,111,51,196
000304.jpg,375,500,tvmonitor,82,96,242,238
000305.jpg,333,500,bicycle,16,232,296,500
000305.jpg,333,500,person,57,79,323,474
000306.jpg,500,176,cow,89,32,144,72
000306.jpg,500,176,cow,114,36,182,86
000306.jpg,500,176,cow,237,46,302,87
000306.jpg,500,176,cow,303,42,380,87
000307.jpg,500,375,pottedplant,2,3,500,375
000307.jpg,500,375,pottedplant,1,229,40,375
000308.jpg,500,375,person,351,100,433,190
000308.jpg,500,375,person,224,124,308,269
000308.jpg,500,375,person,144,153,243,321
000308.jpg,500,375,person,163,114,225,167
000308.jpg,500,375,person,216,107,276,154
000308.jpg,500,375,diningtable,33,136,396,317
000311.jpg,500,375,car,47,42,433,354
000312.jpg,500,335,train,3,2,500,334
000317.jpg,500,354,car,118,151,407,221
000318.jpg,500,331,car,322,79,436,167
000318.jpg,500,331,car,201,81,301,143
000320.jpg,375,500,car,305,8,337,27
000320.jpg,375,500,car,272,10,304,26
000320.jpg,375,500,car,228,1,273,29
000320.jpg,375,500,person,1,78,372,500
000321.jpg,333,500,person,44,167,249,458
000322.jpg,500,332,person,13,2,469,332
000323.jpg,500,375,person,277,3,500,375
000323.jpg,500,375,person,12,3,305,375
000325.jpg,500,375,aeroplane,100,63,500,200
000328.jpg,500,332,horse,58,147,257,265
000328.jpg,500,332,horse,1,109,50,229
000328.jpg,500,332,horse,305,98,440,236
000328.jpg,500,332,horse,281,133,316,204
000328.jpg,500,332,person,116,62,174,226
000328.jpg,500,332,person,170,83,209,148
000328.jpg,500,332,person,362,70,414,204
000328.jpg,500,332,person,281,94,327,180
000329.jpg,500,333,car,291,211,318,233
000329.jpg,500,333,car,219,220,241,237
000329.jpg,500,333,car,259,212,274,224
000331.jpg,375,500,chair,171,234,373,482
000331.jpg,375,500,chair,61,222,138,426
000331.jpg,375,500,chair,1,366,50,500
000331.jpg,375,500,person,149,254,358,467
000332.jpg,500,333,horse,54,50,285,262
000334.jpg,500,302,car,37,110,273,178
000336.jpg,500,430,dog,4,7,472,426
000337.jpg,500,375,bicycle,76,153,160,276
000337.jpg,500,375,bicycle,219,176,429,374
000337.jpg,500,375,person,29,29,68,111
000337.jpg,500,375,person,119,4,162,53
000337.jpg,500,375,person,113,28,167,131
000337.jpg,500,375,person,242,17,288,103
000337.jpg,500,375,person,68,92,165,255
000337.jpg,500,375,person,235,30,403,362
000337.jpg,500,375,person,176,75,231,132
000337.jpg,500,375,person,233,88,259,157
000338.jpg,500,333,person,197,91,216,116
000338.jpg,500,333,car,82,73,384,203
000340.jpg,500,375,bird,334,131,447,363
000340.jpg,500,375,bird,72,38,186,255
000343.jpg,500,375,car,25,74,489,323
000344.jpg,375,500,bottle,89,2,307,441
000347.jpg,466,357,horse,77,2,411,348
000349.jpg,500,375,diningtable,159,131,413,362
000349.jpg,500,375,chair,321,126,479,363
000349.jpg,500,375,chair,284,76,360,144
000349.jpg,500,375,chair,100,91,206,298
000349.jpg,500,375,chair,167,161,326,375
000349.jpg,500,375,tvmonitor,2,2,89,131
000352.jpg,500,375,person,33,68,149,247
000352.jpg,500,375,person,131,68,210,249
000352.jpg,500,375,person,198,59,309,284
000352.jpg,500,375,person,294,83,500,375
000352.jpg,500,375,sofa,12,100,500,375
000354.jpg,500,375,cat,153,116,356,375
000355.jpg,500,333,car,22,36,427,293
000359.jpg,432,500,dog,263,266,388,479
000359.jpg,432,500,person,25,13,288,481
000359.jpg,432,500,chair,39,84,420,426
000363.jpg,500,333,bird,59,15,220,239
000363.jpg,500,333,bird,161,122,500,333
000367.jpg,500,375,bottle,227,124,271,265
000367.jpg,500,375,bottle,331,122,390,354
000367.jpg,500,375,bottle,394,183,422,340
000367.jpg,500,375,bottle,285,125,326,340
000367.jpg,500,375,car,430,184,500,229
000367.jpg,500,375,car,2,255,500,375
000367.jpg,500,375,person,174,66,295,265
000370.jpg,500,374,boat,94,104,253,256
000370.jpg,500,374,boat,244,122,420,257
000372.jpg,500,334,person,269,19,360,296
000372.jpg,500,334,horse,354,114,420,156
000372.jpg,500,334,horse,78,22,253,304
000373.jpg,333,500,car,19,343,319,453
000374.jpg,500,375,motorbike,48,85,499,374
000374.jpg,500,375,person,125,2,316,344
000374.jpg,500,375,person,44,4,128,167
000374.jpg,500,375,person,315,31,352,112
000374.jpg,500,375,person,295,35,320,115
000374.jpg,500,375,person,217,40,248,84
000374.jpg,500,375,person,21,43,51,127
000374.jpg,500,375,person,471,36,497,126
000374.jpg,500,375,person,447,36,472,117
000374.jpg,500,375,person,361,41,374,103
000379.jpg,500,375,bicycle,46,16,443,341
000380.jpg,500,333,bicycle,3,4,499,331
000381.jpg,375,500,diningtable,6,184,375,500
000381.jpg,375,500,chair,79,157,144,266
000381.jpg,375,500,chair,1,199,80,353
000381.jpg,375,500,chair,1,382,111,499
000381.jpg,375,500,bottle,155,8,174,37
000382.jpg,375,500,boat,3,167,163,500
000382.jpg,375,500,person,100,265,119,298
000387.jpg,500,333,car,5,18,482,255
000391.jpg,500,458,pottedplant,57,47,465,458
000394.jpg,500,375,diningtable,196,189,500,375
000394.jpg,500,375,person,29,85,253,375
000394.jpg,500,375,person,1,23,344,307
000394.jpg,500,375,person,439,25,483,71
000394.jpg,500,375,person,434,32,454,70
000395.jpg,500,322,bird,104,54,429,264
000396.jpg,500,375,car,86,170,353,259
000400.jpg,375,500,cat,11,49,332,489
000403.jpg,500,375,cat,157,90,486,372
000404.jpg,500,333,car,133,89,394,321
000406.jpg,500,375,car,54,285,114,313
000406.jpg,500,375,person,109,279,125,319
000406.jpg,500,375,person,92,291,110,323
000406.jpg,500,375,person,237,281,249,309
000406.jpg,500,375,person,280,290,291,308
000406.jpg,500,375,car,426,292,458,315
000407.jpg,480,360,person,210,33,328,191
000407.jpg,480,360,horse,65,73,403,310
000408.jpg,375,500,cow,51,114,347,499
000411.jpg,240,320,person,127,190,158,277
000411.jpg,240,320,person,199,194,233,275
000411.jpg,240,320,person,167,196,185,236
000411.jpg,240,320,person,88,193,119,294
000411.jpg,240,320,person,20,195,55,297
000411.jpg,240,320,person,1,198,19,295
000411.jpg,240,320,person,65,185,90,293
000411.jpg,240,320,person,53,195,65,230
000411.jpg,240,320,person,43,196,56,214
000411.jpg,240,320,person,157,195,168,223
000416.jpg,500,375,sheep,330,139,399,248
000416.jpg,500,375,sheep,181,171,259,252
000416.jpg,500,375,sheep,217,154,345,244
000417.jpg,500,375,cow,174,82,369,375
000419.jpg,500,375,motorbike,23,39,486,322
000419.jpg,500,375,person,2,16,41,221
000419.jpg,500,375,person,61,1,109,62
000419.jpg,500,375,person,459,2,500,174
000420.jpg,500,375,car,78,29,475,347
000424.jpg,500,325,bird,65,159,134,216
000424.jpg,500,325,bird,189,197,284,254
000424.jpg,500,325,bird,327,209,401,252
000424.jpg,500,325,bird,411,177,486,227
000427.jpg,500,334,motorbike,39,24,386,275
000428.jpg,500,414,person,76,106,376,404
000428.jpg,500,414,diningtable,204,323,500,412
000428.jpg,500,414,chair,21,180,351,414
000430.jpg,500,375,cat,6,1,500,326
000431.jpg,500,375,aeroplane,32,89,497,360
000431.jpg,500,375,car,85,316,125,340
000433.jpg,500,370,chair,220,81,469,364
000433.jpg,500,370,person,196,56,454,357
000435.jpg,500,332,horse,205,108,427,295
000435.jpg,500,332,person,235,75,300,275
000438.jpg,500,332,person,240,56,432,332
000439.jpg,500,333,train,1,168,308,209
000443.jpg,500,464,person,12,18,107,318
000443.jpg,500,464,dog,176,117,327,268
000446.jpg,332,500,person,130,167,230,476
000446.jpg,332,500,person,81,86,244,472
000448.jpg,500,375,diningtable,123,129,465,375
000448.jpg,500,375,person,229,57,314,167
000448.jpg,500,375,person,171,85,221,152
000448.jpg,500,375,person,88,71,142,112
000448.jpg,500,375,person,11,124,190,375
000448.jpg,500,375,person,47,92,225,286
000448.jpg,500,375,person,5,72,51,182
000448.jpg,500,375,person,251,65,357,188
000448.jpg,500,375,person,335,81,422,217
000448.jpg,500,375,person,345,107,500,338
000448.jpg,500,375,person,279,226,433,375
000450.jpg,375,500,train,38,36,325,426
000454.jpg,500,297,dog,1,15,460,297
000459.jpg,500,334,chair,117,25,290,114
000459.jpg,500,334,diningtable,26,86,500,332
000460.jpg,500,375,chair,259,67,471,372
000461.jpg,500,333,car,9,100,323,231
000462.jpg,500,375,cow,1,3,465,375
000463.jpg,500,175,motorbike,196,77,301,165
000463.jpg,500,175,person,221,47,283,161
000463.jpg,500,175,car,482,42,500,73
000464.jpg,375,500,cow,71,252,216,314
000464.jpg,375,500,cow,58,202,241,295
000468.jpg,333,500,person,1,143,217,500
000468.jpg,333,500,person,6,191,330,500
000469.jpg,500,375,car,16,28,454,315
000470.jpg,500,375,horse,194,89,415,335
000470.jpg,500,375,horse,160,92,328,312
000470.jpg,500,375,horse,443,130,500,270
000470.jpg,500,375,person,145,132,173,230
000474.jpg,500,375,car,53,157,448,359
000474.jpg,500,375,boat,15,61,99,156
000474.jpg,500,375,boat,202,83,258,160
000474.jpg,500,375,boat,332,110,372,153
000474.jpg,500,375,boat,423,148,461,163
000476.jpg,500,375,person,126,110,358,373
000476.jpg,500,375,dog,208,297,406,375
000476.jpg,500,375,sofa,4,155,378,344
000477.jpg,500,333,bus,1,64,30,170
000477.jpg,500,333,bus,30,99,61,146
000477.jpg,500,333,car,63,132,79,154
000477.jpg,500,333,bicycle,109,188,121,249
000477.jpg,500,333,person,100,130,137,237
000477.jpg,500,333,person,151,131,181,246
000477.jpg,500,333,person,179,133,193,207
000477.jpg,500,333,person,193,135,231,287
000477.jpg,500,333,person,229,138,254,258
000477.jpg,500,333,person,255,121,298,278
000477.jpg,500,333,person,279,132,323,289
000477.jpg,500,333,person,301,130,339,316
000477.jpg,500,333,person,318,117,362,333
000477.jpg,500,333,person,332,131,400,332
000477.jpg,500,333,person,380,125,449,333
000477.jpg,500,333,person,427,125,500,333
000480.jpg,500,375,person,293,162,419,375
000480.jpg,500,375,person,114,165,228,373
000480.jpg,500,375,person,5,172,116,373
000480.jpg,500,375,aeroplane,2,68,486,325
000482.jpg,500,334,train,362,129,500,254
000482.jpg,500,334,train,1,54,313,330
000482.jpg,500,334,person,33,103,58,137
000483.jpg,383,480,horse,122,94,284,437
000483.jpg,383,480,person,167,44,255,289
000484.jpg,500,375,pottedplant,76,42,212,214
000484.jpg,500,375,pottedplant,48,38,462,375
000486.jpg,375,500,cat,34,25,337,404
000489.jpg,500,375,bird,224,186,297,230
000491.jpg,500,334,cow,2,2,459,334
000492.jpg,500,375,chair,329,253,450,375
000492.jpg,500,375,chair,338,227,416,338
000492.jpg,500,375,chair,12,287,228,375
000492.jpg,500,375,diningtable,26,229,348,375
000494.jpg,375,500,car,1,58,369,458
000496.jpg,500,375,diningtable,457,217,500,338
000496.jpg,500,375,chair,419,210,482,319
000498.jpg,326,500,bottle,6,5,176,203
000498.jpg,326,500,person,114,256,201,496
000499.jpg,500,375,person,230,68,374,291
000499.jpg,500,375,motorbike,140,138,429,322
000500.jpg,500,375,bicycle,294,177,436,375
000500.jpg,500,375,person,88,51,218,375
000500.jpg,500,375,person,288,72,321,135
000500.jpg,500,375,person,231,71,253,135
000500.jpg,500,375,person,200,85,221,119
000500.jpg,500,375,person,187,76,200,101
000500.jpg,500,375,person,97,75,123,114
000500.jpg,500,375,person,76,74,98,107
000501.jpg,389,500,dog,22,22,349,492
000503.jpg,500,375,sofa,373,142,500,374
000503.jpg,500,375,sofa,14,146,137,361
000508.jpg,500,375,bird,435,18,500,169
000508.jpg,500,375,bird,247,139,412,375
000508.jpg,500,375,bird,164,47,326,231
000508.jpg,500,375,bird,19,100,156,327
000508.jpg,500,375,bird,155,127,288,329
000509.jpg,500,375,car,1,2,468,375
000513.jpg,500,333,boat,162,127,290,190
000514.jpg,500,375,aeroplane,36,1,500,374
000515.jpg,500,375,bicycle,1,199,40,293
000515.jpg,500,375,person,1,85,29,279
000515.jpg,500,375,car,64,164,151,210
000515.jpg,500,375,car,147,167,186,200
000516.jpg,500,375,cat,213,91,500,245
000516.jpg,500,375,person,1,9,500,375
000516.jpg,500,375,sofa,2,2,500,375
000518.jpg,500,333,person,383,33,418,93
000518.jpg,500,333,person,1,191,21,252
000518.jpg,500,333,bus,19,76,478,311
000519.jpg,500,375,boat,215,114,326,248
000519.jpg,500,375,boat,380,192,500,238
000519.jpg,500,375,boat,13,124,157,249
000520.jpg,334,500,person,74,79,334,451
000522.jpg,500,375,car,36,128,434,271
000523.jpg,375,500,person,145,103,209,256
000523.jpg,375,500,person,212,187,304,417
000523.jpg,375,500,person,365,227,375,274
000523.jpg,375,500,person,343,228,361,255
000523.jpg,375,500,person,325,231,339,246
000523.jpg,375,500,person,308,224,326,243
000523.jpg,375,500,horse,45,199,362,408
000524.jpg,500,322,horse,181,126,362,287
000524.jpg,500,322,person,252,78,312,238
000525.jpg,500,331,motorbike,440,161,500,242
000525.jpg,500,331,motorbike,97,159,218,226
000525.jpg,500,331,person,443,116,500,217
000525.jpg,500,331,person,104,113,169,219
000526.jpg,500,333,person,167,122,222,275
000526.jpg,500,333,person,189,88,276,316
000526.jpg,500,333,person,259,73,440,320
000526.jpg,500,333,person,376,85,443,304
000526.jpg,500,333,chair,421,185,488,306
000528.jpg,500,375,cat,124,68,319,310
000530.jpg,332,500,person,1,113,183,408
000530.jpg,332,500,person,61,111,324,476
000530.jpg,332,500,person,159,61,217,168
000530.jpg,332,500,person,315,97,332,155
000530.jpg,332,500,sofa,37,171,332,471
000531.jpg,500,375,person,27,42,205,375
000531.jpg,500,375,person,150,31,362,373
000531.jpg,500,375,person,366,57,500,311
000531.jpg,500,375,bottle,369,163,429,333
000531.jpg,500,375,bottle,229,178,281,286
000535.jpg,500,374,bicycle,194,142,352,256
000535.jpg,500,374,bicycle,2,142,121,269
000535.jpg,500,374,person,206,55,316,239
000535.jpg,500,374,person,1,67,71,247
000535.jpg,500,374,person,130,92,171,207
000537.jpg,500,400,dog,111,12,396,400
000540.jpg,500,335,train,135,93,321,298
000541.jpg,500,333,car,113,195,150,213
000541.jpg,500,333,car,224,193,268,208
000541.jpg,500,333,car,237,194,272,212
000541.jpg,500,333,car,248,196,287,214
000541.jpg,500,333,car,259,194,335,219
000541.jpg,500,333,car,95,191,124,195
000541.jpg,500,333,car,79,202,156,221
000541.jpg,500,333,person,155,205,169,222
000543.jpg,500,375,car,22,86,433,344
000543.jpg,500,375,car,23,96,91,146
000543.jpg,500,375,car,298,87,500,243
000544.jpg,500,333,cat,286,93,491,229
000544.jpg,500,333,cat,1,66,307,326
000545.jpg,375,500,person,148,146,269,500
000545.jpg,375,500,person,287,173,330,250
000545.jpg,375,500,person,315,172,336,249
000545.jpg,375,500,person,144,174,171,244
000545.jpg,375,500,person,123,174,136,200
000545.jpg,375,500,person,50,174,63,206
000545.jpg,375,500,car,103,178,129,196
000549.jpg,375,500,cat,1,49,341,499
000550.jpg,500,375,diningtable,102,213,473,375
000550.jpg,500,375,chair,380,118,443,174
000550.jpg,500,375,chair,324,160,413,221
000550.jpg,500,375,chair,150,128,233,229
000550.jpg,500,375,chair,93,172,171,288
000550.jpg,500,375,chair,18,298,252,375
000550.jpg,500,375,chair,468,268,500,375
000552.jpg,500,331,aeroplane,4,122,498,258
000552.jpg,500,331,aeroplane,98,75,426,167
000554.jpg,500,375,person,118,77,260,304
000554.jpg,500,375,sofa,2,189,500,375
000554.jpg,500,375,car,275,67,368,101
000554.jpg,500,375,car,316,77,436,117
000554.jpg,500,375,car,266,95,397,142
000554.jpg,500,375,car,91,73,179,111
000554.jpg,500,375,car,344,117,433,165
000555.jpg,500,375,sofa,2,111,262,299
000555.jpg,500,375,person,266,63,332,181
000555.jpg,500,375,person,160,179,422,374
000555.jpg,500,375,person,1,174,186,374
000555.jpg,500,375,person,61,90,213,255
000555.jpg,500,375,person,157,79,261,217
000555.jpg,500,375,chair,270,98,339,188
000555.jpg,500,375,chair,422,116,500,224
000555.jpg,500,375,person,380,92,499,217
000559.jpg,500,370,bottle,36,250,79,354
000559.jpg,500,370,tvmonitor,160,26,371,241
000563.jpg,500,375,boat,164,165,450,210
000564.jpg,500,333,diningtable,86,150,500,333
000564.jpg,500,333,bottle,30,89,47,113
000564.jpg,500,333,bottle,43,106,58,147
000564.jpg,500,333,bottle,6,103,19,142
000564.jpg,500,333,chair,162,129,224,185
000564.jpg,500,333,chair,256,122,312,173
000564.jpg,500,333,chair,432,116,495,178
000564.jpg,500,333,chair,366,149,479,333
000564.jpg,500,333,chair,231,163,392,333
000564.jpg,500,333,chair,1,165,162,333
000565.jpg,500,375,bicycle,56,92,422,374
000577.jpg,500,333,horse,1,1,479,333
000579.jpg,500,332,car,461,155,488,173
000579.jpg,500,332,car,263,159,309,186
000579.jpg,500,332,car,2,139,156,225
000579.jpg,500,332,motorbike,318,163,419,296
000579.jpg,500,332,person,315,123,389,259
000579.jpg,500,332,person,333,126,415,271
000581.jpg,500,332,sheep,140,184,272,292
000582.jpg,375,500,dog,1,1,373,411
000583.jpg,500,276,motorbike,13,87,490,248
000583.jpg,500,276,motorbike,239,31,348,105
000583.jpg,500,276,person,233,29,319,81
000583.jpg,500,276,person,111,56,129,112
000583.jpg,500,276,person,132,54,152,94
000583.jpg,500,276,person,156,59,171,75
000588.jpg,500,375,sheep,264,292,320,337
000588.jpg,500,375,sheep,245,275,286,313
000588.jpg,500,375,sheep,264,263,291,289
000588.jpg,500,375,sheep,309,264,334,302
000588.jpg,500,375,sheep,162,283,187,316
000588.jpg,500,375,sheep,142,268,173,291
000588.jpg,500,375,sheep,1,288,21,318
000589.jpg,500,375,person,73,1,315,375
000589.jpg,500,375,person,54,127,97,268
000589.jpg,500,375,person,1,118,33,300
000590.jpg,500,337,car,199,109,500,336
000591.jpg,500,333,person,2,192,32,265
000591.jpg,500,333,person,20,185,68,250
000591.jpg,500,333,person,48,190,76,252
000591.jpg,500,333,person,75,191,100,280
000591.jpg,500,333,person,108,179,143,250
000591.jpg,500,333,person,473,199,489,234
000591.jpg,500,333,chair,174,197,197,238
000591.jpg,500,333,chair,153,193,180,239
000591.jpg,500,333,chair,227,195,245,234
000591.jpg,500,333,diningtable,188,202,220,238
000592.jpg,500,375,chair,341,276,433,375
000592.jpg,500,375,chair,441,266,500,322
000592.jpg,500,375,chair,439,298,500,375
000592.jpg,500,375,sofa,196,173,384,290
000592.jpg,500,375,sofa,278,228,475,362
000592.jpg,500,375,pottedplant,129,151,203,218
000592.jpg,500,375,tvmonitor,276,149,320,177
000592.jpg,500,375,sofa,5,252,155,375
000592.jpg,500,375,chair,90,273,111,375
000592.jpg,500,375,chair,52,300,106,375
000597.jpg,500,375,person,310,163,356,220
000597.jpg,500,375,person,459,168,497,208
000597.jpg,500,375,person,386,177,465,314
000597.jpg,500,375,chair,230,211,274,270
000597.jpg,500,375,chair,302,242,370,320
000597.jpg,500,375,chair,404,234,468,308
000597.jpg,500,375,chair,488,254,500,295
000597.jpg,500,375,chair,36,225,95,304
000597.jpg,500,375,tvmonitor,195,181,235,212
000597.jpg,500,375,tvmonitor,112,192,139,238
000598.jpg,500,344,tvmonitor,291,230,419,344
000598.jpg,500,344,chair,173,201,259,315
000598.jpg,500,344,tvmonitor,87,146,154,193
000599.jpg,500,375,chair,30,209,243,374
000599.jpg,500,375,sofa,147,159,399,298
000601.jpg,500,348,pottedplant,300,1,500,168
000601.jpg,500,348,pottedplant,168,34,420,190
000601.jpg,500,348,pottedplant,1,57,450,348
000605.jpg,500,375,car,321,175,386,192
000608.jpg,500,375,boat,139,14,220,142
000608.jpg,500,375,boat,12,110,420,286
000609.jpg,500,375,dog,16,134,460,275
000610.jpg,500,335,aeroplane,50,83,500,285
000612.jpg,375,500,person,158,144,375,500
000612.jpg,375,500,person,1,110,195,500
000612.jpg,375,500,train,1,1,374,213
000613.jpg,500,333,diningtable,171,125,500,333
000613.jpg,500,333,chair,392,223,500,333
000613.jpg,500,333,chair,17,218,144,333
000613.jpg,500,333,person,31,110,184,333
000613.jpg,500,333,person,87,110,181,257
000613.jpg,500,333,person,137,103,194,224
000613.jpg,500,333,person,174,91,238,190
000613.jpg,500,333,person,206,102,245,154
000613.jpg,500,333,person,131,39,173,127
000613.jpg,500,333,person,256,84,311,129
000613.jpg,500,333,person,335,87,369,104
000613.jpg,500,333,person,377,85,408,108
000613.jpg,500,333,person,455,97,489,137
000613.jpg,500,333,person,301,127,465,332
000613.jpg,500,333,person,335,103,445,197
000613.jpg,500,333,person,328,95,382,179
000613.jpg,500,333,person,329,100,357,153
000619.jpg,500,333,bird,143,12,459,322
000620.jpg,500,344,car,114,182,303,309
000620.jpg,500,344,car,51,267,71,280
000620.jpg,500,344,car,19,272,36,284
000622.jpg,500,375,cow,156,87,401,339
000625.jpg,500,375,chair,372,277,463,337
000625.jpg,500,375,chair,372,215,468,288
000625.jpg,500,375,chair,478,214,499,278
000625.jpg,500,375,chair,476,274,500,334
000625.jpg,500,375,chair,263,209,288,281
000625.jpg,500,375,chair,262,276,288,331
000625.jpg,500,375,chair,154,205,187,274
000625.jpg,500,375,chair,154,270,187,326
000625.jpg,500,375,chair,65,206,100,277
000625.jpg,500,375,chair,68,269,86,328
000625.jpg,500,375,chair,58,24,86,86
000625.jpg,500,375,chair,52,79,86,158
000625.jpg,500,375,chair,163,26,199,93
000625.jpg,500,375,chair,162,83,194,152
000625.jpg,500,375,chair,274,26,300,92
000625.jpg,500,375,chair,273,88,307,166
000625.jpg,500,375,chair,375,26,400,92
000625.jpg,500,375,chair,374,85,398,153
000625.jpg,500,375,chair,482,27,500,88
000625.jpg,500,375,chair,480,85,500,155
000625.jpg,500,375,person,395,209,486,294
000625.jpg,500,375,person,271,214,373,291
000625.jpg,500,375,person,270,274,372,334
000625.jpg,500,375,person,164,269,253,328
000625.jpg,500,375,person,171,204,263,278
000625.jpg,500,375,person,76,194,164,273
000625.jpg,500,375,person,76,273,162,326
000625.jpg,500,375,person,67,82,169,160
000625.jpg,500,375,person,64,16,162,96
000625.jpg,500,375,person,174,17,274,92
000625.jpg,500,375,person,172,85,283,184
000625.jpg,500,375,person,279,21,376,110
000625.jpg,500,375,person,283,94,418,183
000625.jpg,500,375,person,388,18,483,96
000625.jpg,500,375,person,389,88,500,183
000625.jpg,500,375,person,1,20,57,96
000625.jpg,500,375,person,3,84,115,178
000626.jpg,500,400,person,141,23,313,298
000626.jpg,500,400,tvmonitor,108,35,188,146
000626.jpg,500,400,tvmonitor,32,44,116,128
000626.jpg,500,400,tvmonitor,185,32,220,105
000628.jpg,500,392,car,126,272,376,371
000628.jpg,500,392,car,402,266,500,361
000628.jpg,500,392,car,1,281,77,334
000628.jpg,500,392,pottedplant,91,253,119,299
000628.jpg,500,392,person,320,247,348,301
000632.jpg,500,375,tvmonitor,282,176,351,255
000632.jpg,500,375,sofa,291,275,500,375
000632.jpg,500,375,chair,61,167,178,335
000633.jpg,500,375,tvmonitor,300,122,433,240
000633.jpg,500,375,person,2,22,339,375
000635.jpg,500,375,train,154,149,420,342
000635.jpg,500,375,train,15,209,40,238
000637.jpg,500,375,bicycle,10,2,487,373
000645.jpg,500,375,bird,135,46,500,374
000645.jpg,500,375,bird,124,146,365,375
000647.jpg,500,333,aeroplane,166,69,443,234
000648.jpg,500,333,person,394,199,404,223
000648.jpg,500,333,person,424,199,436,220
000648.jpg,500,333,person,434,196,444,220
000648.jpg,500,333,person,443,195,452,220
000648.jpg,500,333,bus,29,113,353,266
000648.jpg,500,333,aeroplane,328,86,474,192
000648.jpg,500,333,car,2,213,28,235
000653.jpg,500,375,car,432,83,500,131
000653.jpg,500,375,car,373,83,458,135
000653.jpg,500,375,car,311,85,408,140
000653.jpg,500,375,car,97,89,222,120
000653.jpg,500,375,car,1,95,106,172
000653.jpg,500,375,car,2,94,444,312
000654.jpg,500,333,sheep,155,130,231,175
000654.jpg,500,333,sheep,36,135,168,227
000654.jpg,500,333,sheep,55,152,215,249
000654.jpg,500,333,person,411,51,463,146
000654.jpg,500,333,person,368,49,424,146
000654.jpg,500,333,person,323,81,369,133
000654.jpg,500,333,person,114,61,171,139
000654.jpg,500,333,person,86,60,129,139
000654.jpg,500,333,dog,295,178,382,243
000656.jpg,500,333,dog,230,61,447,174
000657.jpg,500,333,aeroplane,253,156,310,176
000657.jpg,500,333,aeroplane,203,160,252,178
000657.jpg,500,333,aeroplane,148,169,206,188
000657.jpg,500,333,aeroplane,234,192,291,212
000657.jpg,500,333,aeroplane,192,197,238,216
000660.jpg,500,332,sofa,169,76,500,322
000660.jpg,500,332,sofa,1,66,141,260
000661.jpg,500,375,sofa,119,177,331,278
000661.jpg,500,375,pottedplant,65,90,170,197
000661.jpg,500,375,chair,133,159,179,197
000663.jpg,422,500,bus,12,2,417,467
000663.jpg,422,500,car,7,39,63,94
000663.jpg,422,500,car,362,24,422,53
000663.jpg,422,500,car,376,36,422,81
000663.jpg,422,500,car,373,68,422,108
000663.jpg,422,500,car,376,98,422,210
000667.jpg,434,500,horse,287,362,415,466
000667.jpg,434,500,horse,271,362,410,476
000671.jpg,326,500,bicycle,48,330,268,471
000672.jpg,500,375,car,12,91,495,307
000675.jpg,500,335,train,29,118,86,258
000675.jpg,500,335,train,1,68,28,292
000675.jpg,500,335,train,79,87,426,272
000676.jpg,500,375,sheep,59,94,472,270
000677.jpg,333,500,person,66,54,333,436
000680.jpg,500,375,bird,213,144,319,241
000682.jpg,500,375,bird,275,154,461,275
000684.jpg,375,500,chair,124,196,253,305
000684.jpg,375,500,chair,2,305,67,345
000684.jpg,375,500,person,52,112,91,183
000684.jpg,375,500,person,1,196,118,322
000684.jpg,375,500,bottle,54,171,77,222
000684.jpg,375,500,person,77,101,241,314
000684.jpg,375,500,person,217,49,294,304
000684.jpg,375,500,person,285,22,361,366
000684.jpg,375,500,person,297,3,375,369
000685.jpg,500,375,motorbike,16,2,498,374
000686.jpg,500,375,motorbike,283,91,498,301
000686.jpg,500,375,motorbike,14,100,303,308
000688.jpg,500,317,car,8,42,500,317
000688.jpg,500,317,person,73,14,97,82
000688.jpg,500,317,person,103,10,121,75
000688.jpg,500,317,person,117,1,134,78
000688.jpg,500,317,person,83,3,114,80
000688.jpg,500,317,person,38,1,76,83
000688.jpg,500,317,person,1,1,46,96
000689.jpg,500,353,train,2,39,498,347
000690.jpg,500,375,bicycle,1,188,247,361
000690.jpg,500,375,cat,281,111,336,229
000690.jpg,500,375,person,226,87,336,371
000694.jpg,500,375,person,282,151,379,375
000694.jpg,500,375,person,200,132,284,374
000694.jpg,500,375,person,376,160,460,375
000694.jpg,500,375,person,369,130,412,218
000694.jpg,500,375,person,83,167,191,297
000695.jpg,500,375,horse,109,126,415,366
000695.jpg,500,375,person,220,40,286,264
000695.jpg,500,375,horse,443,159,500,283
000695.jpg,500,375,horse,174,108,332,158
000695.jpg,500,375,person,471,94,500,189
000699.jpg,500,381,dog,29,205,337,377
000699.jpg,500,381,dog,102,27,366,358
000699.jpg,500,381,dog,309,130,472,362
000699.jpg,500,381,chair,1,2,500,381
000700.jpg,500,333,car,12,224,56,252
000700.jpg,500,333,car,1,217,16,264
000700.jpg,500,333,car,402,227,426,239
000700.jpg,500,333,car,430,225,463,239
000700.jpg,500,333,car,141,238,223,276
000700.jpg,500,333,car,125,246,477,333
000700.jpg,500,333,car,229,225,261,240
000702.jpg,500,375,horse,236,130,434,349
000702.jpg,500,375,horse,119,149,290,337
000702.jpg,500,375,person,420,150,466,230
000702.jpg,500,375,person,73,218,83,238
000702.jpg,500,375,person,59,213,71,238
000702.jpg,500,375,person,49,216,59,239
000705.jpg,500,234,cat,3,18,489,219
000707.jpg,375,500,tvmonitor,93,150,134,187
000707.jpg,375,500,tvmonitor,292,289,363,500
000707.jpg,375,500,chair,78,176,139,281
000709.jpg,500,377,person,120,63,334,355
000709.jpg,500,377,person,119,57,394,352
000709.jpg,500,377,sofa,29,124,390,351
000709.jpg,500,377,chair,377,122,473,309
000710.jpg,375,500,cat,143,177,225,270
000710.jpg,375,500,chair,188,182,303,464
000710.jpg,375,500,chair,36,367,280,500
000710.jpg,375,500,pottedplant,95,129,136,249
000711.jpg,500,375,pottedplant,59,2,236,187
000711.jpg,500,375,pottedplant,305,276,386,370
000712.jpg,500,341,train,3,93,383,273
000713.jpg,500,336,boat,80,168,254,312
000713.jpg,500,336,boat,184,160,472,269
000714.jpg,500,335,bird,190,56,439,300
000717.jpg,500,375,chair,207,278,297,375
000717.jpg,500,375,person,230,39,308,341
000717.jpg,500,375,person,182,131,240,344
000717.jpg,500,375,person,15,199,146,372
000717.jpg,500,375,person,302,128,391,373
000717.jpg,500,375,person,440,128,500,375
000717.jpg,500,375,person,393,128,461,369
000717.jpg,500,375,person,47,146,149,373
000717.jpg,500,375,person,3,151,36,258
000720.jpg,500,333,dog,217,118,305,263
000726.jpg,500,333,bottle,18,209,224,295
000726.jpg,500,333,person,153,45,274,333
000726.jpg,500,333,person,70,75,499,333
000728.jpg,500,333,cow,87,39,500,331
000729.jpg,375,500,pottedplant,10,6,372,498
000730.jpg,500,333,aeroplane,5,52,495,234
000731.jpg,329,500,bird,138,387,237,500
000731.jpg,329,500,person,13,75,300,373
000731.jpg,329,500,person,1,1,165,273
000733.jpg,450,435,person,48,25,273,383
000733.jpg,450,435,motorbike,103,201,448,435
000738.jpg,500,332,aeroplane,1,124,496,235
000739.jpg,500,374,person,404,30,500,374
000739.jpg,500,374,person,386,83,479,374
000739.jpg,500,374,person,272,65,415,374
000739.jpg,500,374,person,239,55,335,374
000739.jpg,500,374,person,165,55,252,374
000739.jpg,500,374,person,97,66,193,374
000739.jpg,500,374,person,3,26,108,374
000740.jpg,500,375,boat,290,85,404,276
000740.jpg,500,375,boat,104,104,212,271
000742.jpg,500,338,boat,391,129,412,168
000742.jpg,500,338,boat,341,135,352,168
000742.jpg,500,338,boat,1,145,311,335
000742.jpg,500,338,person,212,99,296,253
000746.jpg,500,333,dog,95,57,433,333
000748.jpg,500,292,bus,47,100,440,246
000750.jpg,375,500,person,22,2,375,500
000752.jpg,500,332,sofa,1,122,500,332
000752.jpg,500,332,person,225,118,500,319
000752.jpg,500,332,person,1,119,125,332
000753.jpg,500,375,diningtable,164,188,429,375
000753.jpg,500,375,bottle,211,114,241,196
000753.jpg,500,375,bottle,265,229,288,296
000753.jpg,500,375,bottle,264,198,284,248
000753.jpg,500,375,person,263,99,352,227
000753.jpg,500,375,person,334,105,430,254
000753.jpg,500,375,person,351,99,500,373
000753.jpg,500,375,person,128,101,192,214
000753.jpg,500,375,person,55,108,189,373
000754.jpg,500,261,bus,56,81,157,170
000754.jpg,500,261,bus,45,114,60,136
000754.jpg,500,261,bicycle,94,124,150,158
000754.jpg,500,261,car,164,127,190,147
000755.jpg,500,375,bicycle,362,217,393,231
000755.jpg,500,375,bicycle,340,205,366,218
000755.jpg,500,375,bicycle,323,212,351,230
000755.jpg,500,375,bicycle,289,203,310,219
000755.jpg,500,375,bicycle,274,213,298,229
000755.jpg,500,375,bicycle,258,215,268,226
000755.jpg,500,375,bicycle,236,214,259,230
000755.jpg,500,375,bicycle,209,212,230,230
000755.jpg,500,375,bicycle,183,213,201,228
000755.jpg,500,375,bicycle,157,216,174,227
000755.jpg,500,375,bicycle,134,213,151,227
000755.jpg,500,375,bicycle,118,213,133,227
000755.jpg,500,375,bicycle,101,210,114,225
000755.jpg,500,375,bicycle,86,216,100,225
000755.jpg,500,375,person,367,199,386,224
000755.jpg,500,375,person,340,190,358,213
000755.jpg,500,375,person,327,199,343,223
000755.jpg,500,375,person,291,190,305,212
000755.jpg,500,375,person,274,199,291,220
000755.jpg,500,375,person,250,199,261,213
000755.jpg,500,375,person,238,201,254,224
000755.jpg,500,375,person,210,200,225,221
000755.jpg,500,375,person,183,203,197,220
000755.jpg,500,375,person,159,206,170,220
000755.jpg,500,375,person,135,202,148,218
000755.jpg,500,375,person,119,206,129,219
000755.jpg,500,375,person,103,205,112,219
000755.jpg,500,375,person,87,202,97,216
000756.jpg,365,500,dog,67,8,365,500
000760.jpg,500,332,horse,64,161,231,261
000760.jpg,500,332,horse,167,176,268,229
000760.jpg,500,332,horse,235,158,355,260
000760.jpg,500,332,horse,264,156,418,274
000760.jpg,500,332,horse,348,182,461,258
000760.jpg,500,332,person,121,133,159,228
000760.jpg,500,332,person,215,144,243,227
000760.jpg,500,332,person,277,126,315,168
000760.jpg,500,332,person,320,121,360,223
000760.jpg,500,332,person,373,131,410,192
000761.jpg,500,375,chair,300,249,412,375
000761.jpg,500,375,tvmonitor,19,255,165,375
000761.jpg,500,375,sofa,150,141,437,322
000763.jpg,500,333,aeroplane,20,116,484,212
000764.jpg,500,332,horse,79,80,366,271
000767.jpg,500,375,cow,32,1,470,318
000768.jpg,500,375,bus,369,103,475,283
000768.jpg,500,375,bus,33,46,369,330
000770.jpg,500,375,cow,125,167,431,375
000770.jpg,500,375,person,134,65,227,366
000770.jpg,500,375,bicycle,1,131,42,266
000770.jpg,500,375,motorbike,229,128,475,361
000771.jpg,375,500,chair,93,143,221,284
000771.jpg,375,500,sofa,266,191,375,387
000772.jpg,360,480,dog,49,115,360,480
000774.jpg,500,313,train,85,36,447,225
000776.jpg,500,200,car,17,26,481,193
000777.jpg,500,333,dog,147,109,327,277
000777.jpg,500,333,person,224,1,361,209
000780.jpg,500,375,chair,381,255,460,375
000780.jpg,500,375,chair,324,186,391,246
000780.jpg,500,375,chair,435,203,482,276
000780.jpg,500,375,chair,191,179,271,234
000780.jpg,500,375,chair,55,191,143,241
000780.jpg,500,375,chair,42,265,201,375
000780.jpg,500,375,pottedplant,188,213,283,286
000782.jpg,330,500,bus,1,165,330,497
000782.jpg,330,500,person,95,361,139,422
000786.jpg,500,335,cow,84,95,292,289
000786.jpg,500,335,cow,65,144,206,270
000786.jpg,500,335,person,191,182,256,242
000787.jpg,500,371,car,120,93,423,279
000791.jpg,500,332,train,84,46,450,297
000793.jpg,500,375,person,289,100,316,183
000793.jpg,500,375,person,241,111,270,180
000793.jpg,500,375,person,218,107,236,178
000793.jpg,500,375,person,402,67,467,259
000793.jpg,500,375,person,65,110,84,161
000793.jpg,500,375,person,96,107,114,159
000793.jpg,500,375,person,100,78,190,282
000793.jpg,500,375,person,273,103,295,182
000793.jpg,500,375,bicycle,151,160,310,280
000793.jpg,500,375,bus,2,80,51,135
000794.jpg,500,375,cat,220,208,302,272
000796.jpg,500,375,bird,165,118,418,316
000797.jpg,500,375,dog,37,127,348,375
000797.jpg,500,375,person,68,94,424,370
000797.jpg,500,375,sofa,3,58,328,375
000799.jpg,500,441,horse,95,23,500,441
000799.jpg,500,441,person,230,225,500,441
000800.jpg,500,375,car,235,165,328,208
000800.jpg,500,375,car,443,174,500,206
000800.jpg,500,375,car,78,170,113,192
000800.jpg,500,375,car,38,170,71,188
000802.jpg,500,375,person,1,145,58,266
000802.jpg,500,375,bicycle,2,192,93,291
000804.jpg,333,500,chair,94,243,153,304
000804.jpg,333,500,chair,32,352,126,491
000804.jpg,333,500,sofa,191,265,332,470
000805.jpg,375,500,dog,29,65,356,411
000805.jpg,375,500,person,308,85,375,214
000806.jpg,333,500,person,119,275,333,500
000806.jpg,333,500,person,1,298,106,500
000808.jpg,500,333,cow,77,1,415,333
000810.jpg,500,375,person,151,13,498,375
000812.jpg,500,333,bicycle,99,171,376,333
000812.jpg,500,333,person,149,33,360,333
000812.jpg,500,333,person,369,18,431,62
000812.jpg,500,333,person,97,1,141,25
000814.jpg,348,500,person,59,63,268,500
000814.jpg,348,500,person,3,305,83,500
000815.jpg,500,374,aeroplane,286,143,481,224
000815.jpg,500,374,aeroplane,10,104,322,236
000816.jpg,500,500,bicycle,122,225,407,467
000816.jpg,500,500,person,153,122,309,474
000818.jpg,500,287,train,295,121,500,204
000818.jpg,500,287,car,1,181,33,204
000820.jpg,500,375,sheep,180,140,368,307
000820.jpg,500,375,sheep,348,43,412,71
000822.jpg,500,374,motorbike,98,165,230,346
000822.jpg,500,374,motorbike,231,168,353,323
000823.jpg,500,334,car,49,160,343,265
000826.jpg,500,478,boat,11,32,436,445
000827.jpg,500,333,cow,214,153,250,199
000827.jpg,500,333,cow,250,160,310,202
000828.jpg,375,500,person,2,178,32,288
000828.jpg,375,500,person,26,174,65,291
000828.jpg,375,500,person,66,185,96,272
000828.jpg,375,500,person,267,93,361,289
000828.jpg,375,500,person,19,146,191,500
000828.jpg,375,500,person,157,89,375,500
000829.jpg,500,375,bus,217,166,452,280
000829.jpg,500,375,bus,1,171,199,290
000829.jpg,500,375,car,355,1,385,20
000829.jpg,500,375,car,89,115,174,170
000829.jpg,500,375,car,476,125,500,160
000829.jpg,500,375,car,52,13,81,39
000829.jpg,500,375,bicycle,16,285,80,336
000829.jpg,500,375,person,468,315,492,351
000829.jpg,500,375,person,459,331,500,372
000830.jpg,500,375,diningtable,124,182,352,370
000830.jpg,500,375,chair,150,221,259,375
000830.jpg,500,375,chair,252,201,348,347
000830.jpg,500,375,chair,250,175,318,248
000831.jpg,335,500,train,83,124,239,377
000832.jpg,375,500,bird,89,38,337,500
000834.jpg,500,375,cow,304,85,369,125
000834.jpg,500,375,cow,249,72,313,102
000834.jpg,500,375,cow,10,96,100,154
000834.jpg,500,375,cow,69,123,177,174
000834.jpg,500,375,cow,64,95,145,121
000834.jpg,500,375,person,98,245,390,375
000842.jpg,500,356,dog,82,79,500,356
000842.jpg,500,356,person,231,2,500,276
000843.jpg,500,333,tvmonitor,170,127,312,219
000843.jpg,500,333,person,351,54,426,304
000845.jpg,500,335,aeroplane,9,97,493,206
000847.jpg,375,500,diningtable,1,279,208,500
000847.jpg,375,500,person,61,111,296,500
000848.jpg,500,334,person,33,109,260,334
000848.jpg,500,334,sofa,1,165,259,334
000848.jpg,500,334,chair,323,161,353,220
000848.jpg,500,334,chair,323,164,500,334
000848.jpg,500,334,person,309,170,461,334
000849.jpg,200,368,dog,23,56,159,328
000850.jpg,500,375,bird,213,71,334,209
000851.jpg,500,375,motorbike,103,130,402,311
000851.jpg,500,375,person,174,69,302,335
000854.jpg,500,375,sofa,168,176,415,282
000854.jpg,500,375,chair,2,189,128,338
000854.jpg,500,375,chair,447,239,500,363
000854.jpg,500,375,pottedplant,1,2,102,249
000854.jpg,500,375,person,309,158,387,311
000854.jpg,500,375,person,262,153,315,308
000854.jpg,500,375,person,215,150,269,301
000854.jpg,500,375,person,33,176,154,331
000855.jpg,375,500,bus,118,338,258,462
000855.jpg,375,500,bicycle,309,426,344,454
000855.jpg,375,500,person,252,419,262,450
000855.jpg,375,500,car,61,404,109,436
000855.jpg,375,500,car,41,408,64,430
000855.jpg,375,500,car,26,409,43,427
000855.jpg,375,500,car,11,408,29,424
000857.jpg,500,375,cat,235,25,353,131
000859.jpg,500,333,person,269,23,500,313
000859.jpg,500,333,person,13,56,327,331
000859.jpg,500,333,sofa,263,149,500,332
000859.jpg,500,333,chair,2,128,217,332
000860.jpg,500,353,car,81,85,428,292
000860.jpg,500,353,person,224,35,281,86
000860.jpg,500,353,person,298,45,358,115
000862.jpg,500,375,person,305,131,318,151
000862.jpg,500,375,boat,304,142,354,160
000863.jpg,500,317,train,171,39,472,283
000863.jpg,500,317,train,12,16,151,284
000865.jpg,500,375,diningtable,300,167,397,268
000865.jpg,500,375,chair,407,167,465,252
000865.jpg,500,375,chair,344,172,414,272
000865.jpg,500,375,chair,378,170,441,261
000865.jpg,500,375,chair,210,251,332,375
000865.jpg,500,375,pottedplant,73,160,144,213
000865.jpg,500,375,bottle,334,160,344,182
000865.jpg,500,375,person,190,102,337,375
000865.jpg,500,375,person,3,129,124,294
000867.jpg,375,500,pottedplant,172,96,230,191
000868.jpg,500,375,sofa,1,216,399,375
000868.jpg,500,375,pottedplant,433,213,465,236
000871.jpg,500,375,car,8,114,491,292
000872.jpg,500,375,aeroplane,2,15,393,287
000872.jpg,500,375,aeroplane,369,153,465,228
000874.jpg,500,332,person,2,2,387,332
000876.jpg,500,334,cat,117,31,376,329
000876.jpg,500,334,cat,261,14,398,132
000878.jpg,500,333,bicycle,125,164,298,333
000878.jpg,500,333,person,149,52,259,307
000879.jpg,500,375,horse,102,95,266,375
000879.jpg,500,375,person,252,132,320,375
000880.jpg,500,369,bird,305,24,355,65
000880.jpg,500,369,bird,51,239,87,322
000880.jpg,500,369,bird,116,158,141,206
000880.jpg,500,369,cow,379,119,440,199
000880.jpg,500,369,cow,329,114,380,179
000882.jpg,500,357,dog,82,37,500,357
000885.jpg,500,456,bicycle,13,333,349,456
000885.jpg,500,456,person,11,12,485,456
000887.jpg,500,320,aeroplane,25,49,473,247
000888.jpg,500,347,car,295,204,351,245
000888.jpg,500,347,car,72,208,209,319
000888.jpg,500,347,car,192,206,226,245
000889.jpg,374,500,pottedplant,37,287,186,486
000889.jpg,374,500,pottedplant,181,362,302,458
000889.jpg,374,500,pottedplant,188,2,327,394
000892.jpg,500,375,person,350,191,427,375
000892.jpg,500,375,motorbike,190,212,344,375
000895.jpg,500,375,person,126,71,274,359
000895.jpg,500,375,person,25,101,157,343
000896.jpg,500,375,aeroplane,2,189,256,294
000898.jpg,500,375,sofa,1,115,499,361
000898.jpg,500,375,person,297,195,351,233
000899.jpg,500,333,train,92,139,473,243
000900.jpg,500,375,sheep,260,135,342,269
000900.jpg,500,375,sheep,150,172,215,269
000900.jpg,500,375,sheep,101,170,188,252
000902.jpg,500,399,dog,71,85,332,314
000902.jpg,500,399,dog,271,75,499,210
000902.jpg,500,399,dog,160,34,313,105
000902.jpg,500,399,dog,351,47,500,82
000902.jpg,500,399,person,4,2,158,281
000902.jpg,500,399,person,318,2,385,80
000903.jpg,416,500,person,41,25,407,366
000903.jpg,416,500,chair,30,117,323,500
000904.jpg,500,375,cow,237,167,338,263
000904.jpg,500,375,person,17,113,165,238
000904.jpg,500,375,horse,1,213,305,375
000906.jpg,500,375,car,61,179,450,350
000906.jpg,500,375,person,160,159,191,221
000906.jpg,500,375,person,387,173,411,200
000906.jpg,500,375,person,397,166,425,205
000906.jpg,500,375,boat,2,3,231,300
000906.jpg,500,375,boat,23,1,383,216
000906.jpg,500,375,boat,300,2,488,175
000906.jpg,500,375,car,423,162,500,259
000908.jpg,500,375,aeroplane,1,61,500,375
000911.jpg,500,324,car,1,147,110,319
000911.jpg,500,324,bus,78,47,383,288
000911.jpg,500,324,bicycle,387,208,436,279
000911.jpg,500,324,person,411,142,456,277
000912.jpg,500,334,cat,153,33,500,334
000915.jpg,500,375,diningtable,26,256,274,375
000915.jpg,500,375,person,206,71,416,375
000915.jpg,500,375,person,94,103,284,264
000915.jpg,500,375,chair,79,194,161,265
000915.jpg,500,375,chair,143,135,184,162
000917.jpg,480,360,pottedplant,2,2,265,355
000917.jpg,480,360,bird,265,163,316,214
000917.jpg,480,360,chair,2,2,254,360
000918.jpg,333,500,person,18,15,333,500
000918.jpg,333,500,chair,3,75,333,494
000919.jpg,500,331,dog,39,82,352,330
000920.jpg,500,379,train,2,31,500,363
000920.jpg,500,379,person,281,67,330,199
000921.jpg,500,375,cat,163,77,500,291
000921.jpg,500,375,chair,127,66,299,223
000921.jpg,500,375,chair,143,4,500,375
000923.jpg,500,375,tvmonitor,102,124,182,189
000923.jpg,500,375,sofa,146,196,458,375
000923.jpg,500,375,pottedplant,305,2,500,138
000923.jpg,500,375,pottedplant,15,71,66,192
000923.jpg,500,375,tvmonitor,403,164,472,262
000923.jpg,500,375,pottedplant,189,34,220,71
000926.jpg,375,500,person,1,16,340,500
000926.jpg,375,500,person,211,334,241,390
000926.jpg,375,500,person,199,309,231,351
000926.jpg,375,500,person,174,315,210,360
000926.jpg,375,500,person,192,354,226,396
000926.jpg,375,500,person,153,354,197,398
000926.jpg,375,500,person,126,355,160,401
000926.jpg,375,500,person,124,319,163,373
000926.jpg,375,500,person,147,320,180,355
000929.jpg,500,375,diningtable,1,65,500,375
000929.jpg,500,375,bottle,261,64,295,201
000929.jpg,500,375,bottle,253,23,276,95
000929.jpg,500,375,chair,12,74,72,142
000929.jpg,500,375,chair,394,85,478,174
000929.jpg,500,375,chair,394,51,462,134
000931.jpg,500,375,boat,104,302,224,338
000934.jpg,500,333,aeroplane,1,36,500,291
000935.jpg,500,375,car,67,207,111,243
000935.jpg,500,375,car,169,157,183,170
000935.jpg,500,375,car,421,190,452,207
000935.jpg,500,375,car,380,196,419,216
000935.jpg,500,375,car,12,129,37,141
000935.jpg,500,375,car,3,131,15,148
000936.jpg,500,334,aeroplane,299,10,347,63
000936.jpg,500,334,aeroplane,314,105,364,156
000936.jpg,500,334,aeroplane,334,149,378,200
000936.jpg,500,334,aeroplane,261,208,305,254
000936.jpg,500,334,aeroplane,155,277,201,329
000937.jpg,500,375,car,334,46,426,101
000937.jpg,500,375,person,417,59,432,75
000937.jpg,500,375,car,406,71,500,125
000937.jpg,500,375,car,46,36,443,277
000943.jpg,500,375,chair,145,241,500,374
000943.jpg,500,375,person,234,135,500,316
000943.jpg,500,375,person,305,146,426,267
000943.jpg,500,375,person,238,147,356,245
000943.jpg,500,375,person,223,149,298,223
000943.jpg,500,375,person,76,140,146,266
000943.jpg,500,375,person,1,69,178,372
000943.jpg,500,375,sofa,1,291,107,373
000943.jpg,500,375,person,330,107,375,159
000943.jpg,500,375,person,50,114,101,185
000943.jpg,500,375,person,288,110,321,157
000946.jpg,500,375,train,16,108,387,283
000946.jpg,500,375,train,383,153,500,222
000947.jpg,238,500,dog,36,43,217,474
000948.jpg,500,375,tvmonitor,413,37,500,166
000948.jpg,500,375,chair,22,9,284,375
000948.jpg,500,375,person,198,89,315,353
000949.jpg,340,500,bicycle,155,196,303,463
000949.jpg,340,500,bicycle,3,176,151,426
000949.jpg,340,500,person,145,36,328,412
000949.jpg,340,500,person,1,48,159,393
000950.jpg,500,331,chair,97,197,143,255
000950.jpg,500,331,chair,29,228,94,326
000950.jpg,500,331,chair,329,194,375,256
000950.jpg,500,331,chair,377,221,440,303
000950.jpg,500,331,diningtable,52,194,438,324
000951.jpg,500,375,bottle,226,73,245,127
000954.jpg,500,332,bird,1,130,399,322
000954.jpg,500,332,bird,1,1,118,32
000958.jpg,400,300,dog,1,90,327,299
000962.jpg,500,375,cat,4,137,493,375
000962.jpg,500,375,pottedplant,365,1,458,149
000964.jpg,500,333,bird,167,86,288,304
000964.jpg,500,333,bird,185,70,281,227
000965.jpg,375,500,dog,94,285,237,461
000965.jpg,375,500,cat,187,139,270,186
000965.jpg,375,500,sofa,2,86,374,500
000966.jpg,500,353,train,42,48,493,312
000966.jpg,500,353,person,308,149,337,189
000967.jpg,500,375,person,419,233,468,372
000967.jpg,500,375,person,148,222,205,375
000967.jpg,500,375,person,161,241,231,375
000967.jpg,500,375,person,12,223,39,330
000967.jpg,500,375,train,23,124,500,333
000971.jpg,500,375,bus,116,143,297,255
000971.jpg,500,375,person,324,185,344,241
000971.jpg,500,375,person,344,190,371,249
000971.jpg,500,375,person,364,188,385,246
000971.jpg,500,375,person,392,193,410,230
000971.jpg,500,375,person,445,185,468,208
000971.jpg,500,375,person,387,156,500,375
000971.jpg,500,375,person,72,194,89,240
000971.jpg,500,375,person,1,202,34,327
000971.jpg,500,375,person,37,211,61,251
000971.jpg,500,375,person,19,196,43,272
000972.jpg,500,375,car,20,115,433,288
000973.jpg,500,375,bicycle,30,51,488,331
000977.jpg,500,333,car,149,271,179,295
000977.jpg,500,333,car,36,262,94,309
000977.jpg,500,333,car,178,245,263,319
000977.jpg,500,333,car,258,266,293,296
000977.jpg,500,333,car,321,253,397,333
000977.jpg,500,333,car,327,259,454,332
000980.jpg,500,333,bird,115,46,500,321
000982.jpg,500,377,aeroplane,67,37,345,345
000982.jpg,500,377,person,410,313,500,377
000982.jpg,500,377,person,267,121,291,140
000982.jpg,500,377,person,328,120,367,207
000987.jpg,500,447,person,199,19,390,401
000987.jpg,500,447,person,217,15,270,157
000987.jpg,500,447,person,393,18,432,162
000987.jpg,500,447,car,1,15,226,276
000987.jpg,500,447,motorbike,19,95,458,443
000989.jpg,500,333,tvmonitor,52,117,109,177
000991.jpg,318,480,person,88,87,235,322
000991.jpg,318,480,horse,113,117,218,471
000993.jpg,500,493,train,214,137,366,277
000993.jpg,500,493,train,396,87,466,183
000996.jpg,500,375,chair,393,146,482,227
000996.jpg,500,375,chair,308,149,377,205
000996.jpg,500,375,chair,244,146,289,185
000996.jpg,500,375,chair,196,138,237,177
000996.jpg,500,375,chair,139,214,303,375
000996.jpg,500,375,chair,28,211,167,373
000996.jpg,500,375,chair,1,213,76,323
000996.jpg,500,375,chair,82,97,142,167
000996.jpg,500,375,diningtable,5,157,500,375
000996.jpg,500,375,person,19,6,93,175
000997.jpg,500,375,sofa,1,196,205,375
000997.jpg,500,375,tvmonitor,381,144,459,209
000999.jpg,375,500,bottle,233,317,289,405
000999.jpg,375,500,person,2,16,280,500
001001.jpg,500,375,cat,62,64,325,375
001001.jpg,500,375,person,315,102,427,356
001001.jpg,500,375,person,169,1,500,375
001002.jpg,375,500,boat,199,384,375,483
001002.jpg,375,500,boat,102,366,213,416
001002.jpg,375,500,boat,22,341,103,396
001002.jpg,375,500,boat,1,341,28,374
001004.jpg,500,375,bird,143,152,235,197
